task,model,roc_auc,brier,log_loss,n_train,n_test
xG,Neural Net (MLP) (Calibrated),0.7243189535120249,0.08342986825582985,0.29278764875076896,3479,870
xG,Neural Net (MLP),0.7230437027648688,0.08282750645955145,0.29094044395112606,3479,870
xG,Stacked Ensemble,0.7171759846031075,0.08430592315841852,0.2988204729333673,3479,870
xG,Logistic Regression,0.716894334131343,0.08252758229088626,0.2902004270761314,3479,870
xG,Random Forest,0.7164170930541864,0.08433752769244571,0.29761043513600766,3479,870
xG,Gradient Boosting,0.7021546261089987,0.08690436771176728,0.3065162463763516,3479,870
xG,XGBoost,0.7020059772489008,0.08553047584192766,0.30674262680708547,3479,870
xG,LightGBM,0.6994554757545888,0.08779451607238078,0.33211958113494683,3479,870
xG,Naive Bayes,0.6905600150213586,0.11584766919691936,0.5293232038315349,3479,870
xG,K-Nearest Neighbors,0.6859206058614593,0.08480000000000001,0.5916114799680281,3479,870
xG,SVM (RBF),0.5958472202663161,0.08393798997165026,0.30819632920949747,3479,870
